"","AlarmStart","AlarmEnd","ExecutionAtStart","ModeAtStart","ExecutionAtEnd","ModeAtEnd","AlarmText","AlarmPath","AlarmCount","DurationTotal","DurationModeAuto","DurationModeManual","DurationModeMDI","DurationExecutionReady","DurationExecutionActive","DurationExecutionStopped","DurationExecutionInterrupted","TimeToNextAlarm","IA","SA","RA","AA","IM","SM","RM","AM","ID","SD","RD","AD","Change.in.CM.ES.Status.Duration.in.Secs","Change.in.CM.ES.Status.around.the.Alarm"
"1","2011-06-22 08:08:25","2011-06-22 08:08:27","READY","MANUAL","READY","MANUAL","OVER TRAVEL","SAMPLE<Device>:base<Axes>:X<Linear>:Xtravel<POSITION>","1","1.92","0","1.92","0","1.92","0","0","0",NA,0,0,0,0,0,0,2,0,0,0,0,0,"READY/MANUAL: 2 ","-33.94 READY MANUAL"
"2","2011-06-22 08:08:25","2011-06-22 08:08:27","READY","MANUAL","READY","MANUAL","OVER TRAVEL","SAMPLE<Device>:base<Axes>:Y<Linear>:Ytravel<POSITION>","1","1.92","0","1.92","0","1.92","0","0","0",NA,0,0,0,0,0,0,2,0,0,0,0,0,"READY/MANUAL: 2 ","-33.94 READY MANUAL"
"3","2011-06-25 03:38:42","2011-06-25 03:38:50","READY","MANUAL","STOPPED","MANUAL","CHUCK BARRIER","SAMPLE<Device>:controller<Controller>:path<Path>:path_system<SYSTEM>","1","7.98","0","7.98","0","7.98","0","0","0","78126",0,0,0,0,0,0,8,0,0,0,0,0,"READY/MANUAL: 8 ","-336.98 READY MANUAL    8.03 STOPPED MANUAL    8.05 READY MANUAL"
"4","2011-06-26 01:20:56","2011-06-26 01:20:57","READY","MANUAL","STOPPED","MANUAL","CHUCK BARRIER","SAMPLE<Device>:controller<Controller>:path<Path>:path_system<SYSTEM>","1","1.07","0","1.07","0","1.07","0","0","0","238597",0,0,0,0,0,0,1,0,0,0,0,0,"READY/MANUAL: 1 ","-921.93 READY MANUAL    1.08 STOPPED MANUAL    1.10 READY MANUAL    4.01 STOPPED MANUAL    4.07 READY MANUAL"
"5","2011-06-28 19:37:34","2011-06-28 19:37:43","READY","MANUAL","READY","MANUAL","CHUCK BARRIER","SAMPLE<Device>:controller<Controller>:path<Path>:path_system<SYSTEM>","1","9.02","0","9.02","0","8.98","0","0.04","0","284382",0,0,0,0,0,0,9,0,0,0,0,0,"READY/MANUAL: 9 ","-1515.93 READY MANUAL     9.05 STOPPED MANUAL     9.09 READY MANUAL"
"6","2011-07-02 02:37:25","2011-07-02 02:37:28","READY","MANUAL","STOPPED","MANUAL","CHUCK BARRIER","SAMPLE<Device>:controller<Controller>:path<Path>:path_system<SYSTEM>","1","3.05","0","3.05","0","3.05","0","0","0","74125",0,0,0,0,0,0,3,0,0,0,0,0,"READY/MANUAL: 3 ","-15.95 READY MANUAL   3.07 STOPPED MANUAL   4.01 READY MANUAL"
"7","2011-07-02 23:12:53","2011-07-02 23:12:56","READY","MANUAL","STOPPED","MANUAL","CHUCK BARRIER","SAMPLE<Device>:controller<Controller>:path<Path>:path_system<SYSTEM>","1","2.98","0","2.98","0","2.98","0","0","0","3",0,0,0,0,0,0,3,0,0,0,0,0,"READY/MANUAL: 3 STOPPED/MANUAL: 0 ","-1308.98 READY MANUAL     3.00 STOPPED MANUAL     3.04 READY MANUAL"
"8","2011-07-02 23:12:59","2011-07-02 23:13:03","READY","MANUAL","STOPPED","MANUAL","CHUCK BARRIER","SAMPLE<Device>:controller<Controller>:path<Path>:path_system<SYSTEM>","1","4","0","4","0","4","0","0","0","6",0,0,0,0,0,0,4,0,0,0,0,0,"READY/MANUAL: 4 ","-1314.98 READY MANUAL    -3.00 STOPPED MANUAL    -2.96 READY MANUAL     4.07 STOPPED MANUAL     5.01 READY MANUAL"
"9","2011-07-02 23:13:09","2011-07-02 23:13:12","READY","MANUAL","STOPPED","MANUAL","CHUCK BARRIER","SAMPLE<Device>:controller<Controller>:path<Path>:path_system<SYSTEM>","1","2.94","0","2.94","0","2.94","0","0","0","9",0,0,0,0,0,0,3,0,0,0,0,0,"READY/MANUAL: 3 ","-12.96 READY MANUAL  -5.93 STOPPED MANUAL  -4.99 READY MANUAL   3.01 STOPPED MANUAL   3.06 READY MANUAL"
"10","2011-07-02 23:13:21","2011-07-02 23:17:36","READY","MANUAL","STOPPED","MANUAL","CHUCK BARRIER","SAMPLE<Device>:controller<Controller>:path<Path>:path_system<SYSTEM>","1","255.07","0","255.07","0","255.07","0","0","0","62400",0,0,0,0,0,0,255,0,0,0,0,0,"READY/MANUAL: 255 ","-16.99 READY MANUAL  -8.99 STOPPED MANUAL  -8.94 READY MANUAL"
"11","2011-07-03 16:37:36","2011-07-03 16:37:41","READY","MANUAL","STOPPED","MANUAL","CHUCK BARRIER","SAMPLE<Device>:controller<Controller>:path<Path>:path_system<SYSTEM>","1","4.95","0","4.95","0","4.95","0","0","0","26182",0,0,0,0,0,0,5,0,0,0,0,0,"READY/MANUAL: 5 STOPPED/MANUAL: 0 ","-13.92 READY MANUAL  -8.95 STOPPED MANUAL  -8.93 READY MANUAL   5.00 STOPPED MANUAL   5.04 READY MANUAL"
"12","2011-07-03 23:54:03","2011-07-03 23:54:40","READY","MANUAL","STOPPED","MANUAL","CHUCK BARRIER","SAMPLE<Device>:controller<Controller>:path<Path>:path_system<SYSTEM>","1","37.01","0","37.01","0","36.93","0","0.08","0","50",0,0,0,0,0,0.0799999237060547,36.9200000762939,0,0,0,0,0,"READY/MANUAL: 23.0199999809265 STOPPED/MANUAL: 0.0799999237060547 READY/MANUAL: 13.9000000953674 ","-315.95 READY MANUAL"
"13","2011-07-03 23:55:30","2011-07-03 23:55:34","READY","MANUAL","STOPPED","MANUAL","CHUCK BARRIER","SAMPLE<Device>:controller<Controller>:path<Path>:path_system<SYSTEM>","1","3.97","0","3.97","0","3.97","0","0","0","7686",0,0,0,0,0,0,4,0,0,0,0,0,"READY/MANUAL: 4 ","-48.99 READY MANUAL  -3.97 STOPPED MANUAL  -2.99 READY MANUAL  -1.97 STOPPED MANUAL  -1.93 READY MANUAL   4.04 STOPPED MANUAL   4.06 READY MANUAL"
"14","2011-07-04 02:03:40","2011-07-04 02:03:44","READY","MANUAL","STOPPED","MANUAL","CHUCK BARRIER","SAMPLE<Device>:controller<Controller>:path<Path>:path_system<SYSTEM>","1","3.93","0","3.93","0","3.93","0","0","0","127064",0,0,0,0,0,0,4,0,0,0,0,0,"READY/MANUAL: 4 ","-91.95 READY MANUAL   4.02 STOPPED MANUAL   4.06 READY MANUAL"
"15","2011-07-05 13:21:28","2011-07-05 13:21:31","READY","MANUAL","STOPPED","MANUAL","CHUCK BARRIER","SAMPLE<Device>:controller<Controller>:path<Path>:path_system<SYSTEM>","1","2.98","0","2.98","0","2.98","0","0","0","18",0,0,0,0,0,0,3,0,0,0,0,0,"READY/MANUAL: 3 ","-31.93 READY MANUAL   3.06 STOPPED MANUAL   4.01 READY MANUAL"
"16","2011-07-05 13:21:49","2011-07-05 13:21:52","READY","MANUAL","STOPPED","MANUAL","CHUCK BARRIER","SAMPLE<Device>:controller<Controller>:path<Path>:path_system<SYSTEM>","1","2.95","0","2.95","0","2.95","0","0","0","189928",0,0,0,0,0,0,3,0,0,0,0,0,"READY/MANUAL: 3 ","-16.99 READY MANUAL   3.04 STOPPED MANUAL   3.08 READY MANUAL"
"17","2011-07-07 18:07:20","2011-07-07 18:07:31","READY","MANUAL","READY","MANUAL","CHUCK BARRIER","SAMPLE<Device>:controller<Controller>:path<Path>:path_system<SYSTEM>","1","10.98","0","10.98","0","10.04","0","0.94","0","9563",0,0,0,0,0,0.930000066757202,10.0699999332428,0,0,0,0,0,"READY/MANUAL: 10.0699999332428 STOPPED/MANUAL: 0.930000066757202 ","-859.92 READY MANUAL"
"18","2011-07-07 20:46:54","2011-07-07 20:46:56","READY","MANUAL","STOPPED","MANUAL","CHUCK BARRIER","SAMPLE<Device>:controller<Controller>:path<Path>:path_system<SYSTEM>","1","2","0","2","0","2","0","0","0","2645",0,0,0,0,0,0,2,0,0,0,0,0,"READY/MANUAL: 2 ","-695.00 READY MANUAL    2.05 STOPPED MANUAL    2.09 READY MANUAL"
"19","2011-07-07 21:31:01","2011-07-07 21:31:08","READY","MANUAL","STOPPED","MANUAL","CHUCK BARRIER","SAMPLE<Device>:controller<Controller>:path<Path>:path_system<SYSTEM>","1","7.04","0","7.04","0","7.04","0","0","0","76715",0,0,0,0,0,0,7,0,0,0,0,0,"READY/MANUAL: 7 STOPPED/MANUAL: 0 ","-700.93 READY MANUAL    7.00 STOPPED MANUAL    7.09 READY MANUAL"
"20","2011-07-08 18:49:43","2011-07-08 18:49:48","READY","MANUAL","STOPPED","MANUAL","CHUCK BARRIER","SAMPLE<Device>:controller<Controller>:path<Path>:path_system<SYSTEM>","1","4.94","0","4.94","0","4.94","0","0","0","4375",0,0,0,0,0,0,5,0,0,0,0,0,"READY/MANUAL: 5 ","-72.94 READY MANUAL   5.02 STOPPED MANUAL   5.05 READY MANUAL"
"21","2011-07-08 20:02:43","2011-07-08 20:02:58","READY","MANUAL","READY","MANUAL","CHUCK BARRIER","SAMPLE<Device>:controller<Controller>:path<Path>:path_system<SYSTEM>","1","15.01","0","15.01","0","14.97","0","0.04","0","72572",0,0,0,0,0,0,15,0,0,0,0,0,"READY/MANUAL: 15 ","-248.97 READY MANUAL"
"22","2011-07-09 16:12:30","2011-07-09 16:12:33","READY","MANUAL","READY","MANUAL","CHUCK BARRIER","SAMPLE<Device>:controller<Controller>:path<Path>:path_system<SYSTEM>","1","2.94","0","2.94","0","2.94","0","0","0","99394",0,0,0,0,0,0,3,0,0,0,0,0,"READY/MANUAL: 3 ","-1424.92 READY MANUAL"
"23","2011-07-10 19:49:07","2011-07-10 19:49:09","READY","MANUAL","STOPPED","MANUAL","CHUCK BARRIER","SAMPLE<Device>:controller<Controller>:path<Path>:path_system<SYSTEM>","1","1.96","0","1.96","0","1.96","0","0","0","2",0,0,0,0,0,0,2,0,0,0,0,0,"READY/MANUAL: 2 ","-1395.00 READY MANUAL     2.05 STOPPED MANUAL     2.10 READY MANUAL     8.10 STOPPED MANUAL     9.06 READY MANUAL"
"24","2011-07-10 19:49:11","2011-07-10 19:49:16","READY","MANUAL","STOPPED","MANUAL","CHUCK BARRIER","SAMPLE<Device>:controller<Controller>:path<Path>:path_system<SYSTEM>","1","5.03","0","5.03","0","5.03","0","0","0","1",0,0,0,0,0,0.900000095367432,4.09999990463257,0,0,0,0,0,"READY/MANUAL: 4.09999990463257 STOPPED/MANUAL: 0.900000095367432 ","-1399.00 READY MANUAL    -1.95 STOPPED MANUAL    -1.90 READY MANUAL     4.10 STOPPED MANUAL     5.06 READY MANUAL     8.02 STOPPED MANUAL     8.09 READY MANUAL"
"25","2011-07-10 19:49:17","2011-07-10 19:49:19","READY","MANUAL","STOPPED","MANUAL","CHUCK BARRIER","SAMPLE<Device>:controller<Controller>:path<Path>:path_system<SYSTEM>","1","2.04","0","2.04","0","2.04","0","0","0","12591",0,0,0,0,0,0,2,0,0,0,0,0,"READY/MANUAL: 2 ","-1405.00 READY MANUAL    -7.95 STOPPED MANUAL    -7.90 READY MANUAL    -1.90 STOPPED MANUAL    -0.94 READY MANUAL     2.02 STOPPED MANUAL     2.09 READY MANUAL"
"26","2011-07-10 23:19:10","2011-07-10 23:19:29","READY","MANUAL","STOPPED","MANUAL","CHUCK BARRIER","SAMPLE<Device>:controller<Controller>:path<Path>:path_system<SYSTEM>","1","18.94","0","18.94","0","18.94","0","0","0","135874",0,0,0,0,0,0,19,0,0,0,0,0,"READY/MANUAL: 19 ","-2180.96 READY MANUAL"
"27","2011-07-12 13:04:03","2011-07-12 13:04:07","READY","MANUAL","STOPPED","MANUAL","CHUCK BARRIER","SAMPLE<Device>:controller<Controller>:path<Path>:path_system<SYSTEM>","1","4.09","0","4.09","0","4.09","0","0","0","87417",0,0,0,0,0,0,4,0,0,0,0,0,"READY/MANUAL: 4 ","-28.96 READY MANUAL   4.09 STOPPED MANUAL   5.03 READY MANUAL"
"28","2011-07-13 13:21:04","2011-07-13 13:22:10","READY","MANUAL","STOPPED","MANUAL","CHUCK BARRIER","SAMPLE<Device>:controller<Controller>:path<Path>:path_system<SYSTEM>","1","65.97","0","65.97","0","65.97","0","0","0","49607",0,0,0,0,0,0,66,0,0,0,0,0,"READY/MANUAL: 66 ","-1850.93 READY MANUAL"
"29","2011-07-14 03:08:57","2011-07-14 03:09:00","READY","MANUAL","STOPPED","MANUAL","CHUCK BARRIER","SAMPLE<Device>:controller<Controller>:path<Path>:path_system<SYSTEM>","1","2.99","0","2.99","0","2.99","0","0","0","5",0,0,0,0,0,0,3,0,0,0,0,0,"READY/MANUAL: 3 ","-544.99 READY MANUAL    3.01 STOPPED MANUAL    3.05 READY MANUAL"
"30","2011-07-14 03:09:05","2011-07-14 03:09:08","READY","MANUAL","STOPPED","MANUAL","CHUCK BARRIER","SAMPLE<Device>:controller<Controller>:path<Path>:path_system<SYSTEM>","1","2.98","0","2.98","0","2.98","0","0","0","3",0,0,0,0,0,0,3,0,0,0,0,0,"READY/MANUAL: 3 ","-552.99 READY MANUAL   -4.99 STOPPED MANUAL   -4.95 READY MANUAL    3.03 STOPPED MANUAL    3.07 READY MANUAL"
"31","2011-07-14 03:09:11","2011-07-14 03:09:15","READY","MANUAL","STOPPED","MANUAL","CHUCK BARRIER","SAMPLE<Device>:controller<Controller>:path<Path>:path_system<SYSTEM>","1","3.96","0","3.96","0","3.96","0","0","0","6",0,0,0,0,0,0,4,0,0,0,0,0,"READY/MANUAL: 4 ","-10.95 READY MANUAL  -2.97 STOPPED MANUAL  -2.93 READY MANUAL   4.01 STOPPED MANUAL   4.06 READY MANUAL"
"32","2011-07-14 03:09:21","2011-07-14 03:09:22","READY","MANUAL","STOPPED","MANUAL","CHUCK BARRIER","SAMPLE<Device>:controller<Controller>:path<Path>:path_system<SYSTEM>","1","1.06","0","1.06","0","1.06","0","0","0","2",0,0,0,0,0,0,1,0,0,0,0,0,"READY/MANUAL: 1 ","-12.93 READY MANUAL  -5.99 STOPPED MANUAL  -5.94 READY MANUAL   1.05 STOPPED MANUAL   2.01 READY MANUAL   7.06 STOPPED MANUAL   8.00 READY MANUAL"
"33","2011-07-14 03:09:24","2011-07-14 03:09:28","READY","MANUAL","STOPPED","MANUAL","CHUCK BARRIER","SAMPLE<Device>:controller<Controller>:path<Path>:path_system<SYSTEM>","1","4.04","0","4.04","0","4.04","0","0","0","1285",0,0,0,0,0,0,4,0,0,0,0,0,"READY/MANUAL: 4 ","-15.93 READY MANUAL  -8.99 STOPPED MANUAL  -8.94 READY MANUAL  -1.95 STOPPED MANUAL  -0.99 READY MANUAL   4.06 STOPPED MANUAL   5.00 READY MANUAL"
"34","2011-07-14 03:30:53","2011-07-14 03:30:58","ACTIVE","AUTOMATIC","STOPPED","AUTOMATIC","CHUCK BARRIER","SAMPLE<Device>:controller<Controller>:path<Path>:path_system<SYSTEM>","1","5.04","5.04","0","0","0","0.05","0","4.99","20",4.92000007629395,0,0,0.0799999237060547,0,0,0,0,0,0,0,0,"ACTIVE/AUTOMATIC: 0.0799999237060547 INTERRUPTED/AUTOMATIC: 4.92000007629395 ","-55.94 ACTIVE AUTOMATIC   0.08 INTERRUPTED AUTOMATIC   5.07 STOPPED AUTOMATIC   5.09 READY AUTOMATIC"
"35","2011-07-14 03:31:18","2011-07-14 03:31:22","READY","MANUAL","STOPPED","MANUAL","CHUCK BARRIER","SAMPLE<Device>:controller<Controller>:path<Path>:path_system<SYSTEM>","1","4.09","0","4.09","0","4.09","0","0","0","8",0,0,0,0,0,0,4,0,0,0,0,0,"READY/MANUAL: 4 ","-19.91 READY AUTOMATIC  -4.98 STOPPED AUTOMATIC  -4.94 READY AUTOMATIC  -3.92 READY MANUAL   4.10 STOPPED MANUAL   5.02 READY MANUAL"
"36","2011-07-14 03:31:30","2011-07-14 03:31:33","READY","MANUAL","READY","MANUAL","CHUCK BARRIER","SAMPLE<Device>:controller<Controller>:path<Path>:path_system<SYSTEM>","1","2.99","0","2.99","0","2.95","0","0.04","0","17",0,0,0,0,0,0,3,0,0,0,0,0,"READY/MANUAL: 3 STOPPED/MANUAL: 0 ","-15.92 READY MANUAL  -7.90 STOPPED MANUAL  -6.98 READY MANUAL   3.00 STOPPED MANUAL   3.04 READY MANUAL"
"37","2011-07-14 03:31:50","2011-07-14 03:31:57","READY","MANUAL","STOPPED","MANUAL","CHUCK BARRIER","SAMPLE<Device>:controller<Controller>:path<Path>:path_system<SYSTEM>","1","6.99","0","6.99","0","6.99","0","0","0","48",0,0,0,0,0,0,7,0,0,0,0,0,"READY/MANUAL: 7 ","-16.96 READY MANUAL   7.06 STOPPED MANUAL   7.08 READY MANUAL"
"38","2011-07-14 03:32:45","2011-07-14 03:32:47","READY","MANUAL","STOPPED","MANUAL","CHUCK BARRIER","SAMPLE<Device>:controller<Controller>:path<Path>:path_system<SYSTEM>","1","2.05","0","2.05","0","2.05","0","0","0","48",0,0,0,0,0,0,2,0,0,0,0,0,"READY/MANUAL: 2 ","-47.92 READY MANUAL   2.05 STOPPED MANUAL   2.07 READY MANUAL"
"39","2011-07-14 03:33:35","2011-07-14 03:34:20","READY","MANUAL","STOPPED","MANUAL","CHUCK BARRIER","SAMPLE<Device>:controller<Controller>:path<Path>:path_system<SYSTEM>","1","45","0","45","0","43.11","0","1.89","0","6",0,0,0,0,0,1.89000010490418,43.1099998950959,0,0,0,0,0,"READY/MANUAL: 34.0799999237061 STOPPED/MANUAL: 0.950000047683716 READY/MANUAL: 6.03999996185303 STOPPED/MANUAL: 0.940000057220459 READY/MANUAL: 2.99000000953674 ","-27.96 READY MANUAL"
"40","2011-07-14 03:34:26","2011-07-14 03:34:31","READY","MANUAL","STOPPED","MANUAL","CHUCK BARRIER","SAMPLE<Device>:controller<Controller>:path<Path>:path_system<SYSTEM>","1","4.95","0","4.95","0","4.95","0","0","0","8",0,0,0,0,0,0,5,0,0,0,0,0,"READY/MANUAL: 5 ","-15.97 READY MANUAL  -9.93 STOPPED MANUAL  -8.99 READY MANUAL  -5.96 STOPPED MANUAL  -5.93 READY MANUAL   5.04 STOPPED MANUAL   5.08 READY MANUAL"
"41","2011-07-14 03:34:39","2011-07-14 03:34:41","READY","MANUAL","STOPPED","MANUAL","CHUCK BARRIER","SAMPLE<Device>:controller<Controller>:path<Path>:path_system<SYSTEM>","1","1.97","0","1.97","0","1.97","0","0","0","2",0,0,0,0,0,0,2,0,0,0,0,0,"READY/MANUAL: 2 ","-18.93 READY MANUAL  -7.96 STOPPED MANUAL  -7.92 READY MANUAL  -1.94 STOPPED MANUAL  -1.00 READY MANUAL   2.05 STOPPED MANUAL   2.09 READY MANUAL   6.01 STOPPED MANUAL   6.07 READY MANUAL"
"42","2011-07-14 03:34:43","2011-07-14 03:34:45","READY","MANUAL","STOPPED","MANUAL","CHUCK BARRIER","SAMPLE<Device>:controller<Controller>:path<Path>:path_system<SYSTEM>","1","1.96","0","1.96","0","1.96","0","0","0","10",0,0,0,0,0,0,2,0,0,0,0,0,"READY/MANUAL: 2 ","-11.92 READY MANUAL  -5.94 STOPPED MANUAL  -5.00 READY MANUAL  -1.95 STOPPED MANUAL  -1.91 READY MANUAL   2.01 STOPPED MANUAL   2.07 READY MANUAL"
"43","2011-07-14 03:34:55","2011-07-14 03:35:00","READY","MANUAL","STOPPED","MANUAL","CHUCK BARRIER","SAMPLE<Device>:controller<Controller>:path<Path>:path_system<SYSTEM>","1","4.99","0","4.99","0","4.99","0","0","0","55476",0,0,0,0,0,0,5,0,0,0,0,0,"READY/MANUAL: 5 ","-13.91 READY MANUAL  -9.99 STOPPED MANUAL  -9.93 READY MANUAL  -1.92 STOPPED MANUAL  -0.98 READY MANUAL   5.07 STOPPED MANUAL   6.01 READY MANUAL"
"44","2011-07-14 18:59:36","2011-07-14 18:59:41","READY","MANUAL","STOPPED","MANUAL","CHUCK BARRIER","SAMPLE<Device>:controller<Controller>:path<Path>:path_system<SYSTEM>","1","5.03","0","5.03","0","5.03","0","0","0","59458",0,0,0,0,0,0,5,0,0,0,0,0,"READY/MANUAL: 5 ","-68.96 READY MANUAL   5.04 STOPPED MANUAL   5.08 READY MANUAL"
"45","2011-07-15 11:30:39","2011-07-15 11:30:44","READY","MANUAL","STOPPED","MANUAL","CHUCK BARRIER","SAMPLE<Device>:controller<Controller>:path<Path>:path_system<SYSTEM>","1","5.03","0","5.03","0","5.03","0","0","0","331194",0,0,0,0,0,0,5,0,0,0,0,0,"READY/MANUAL: 5 ","-2854.93 READY MANUAL     5.06 STOPPED MANUAL     5.08 READY MANUAL"
"46","2011-07-19 07:30:38","2011-07-19 07:30:40","READY","MANUAL","STOPPED","MANUAL","CHUCK BARRIER","SAMPLE<Device>:controller<Controller>:path<Path>:path_system<SYSTEM>","1","1.98","0","1.98","0","1.98","0","0","0","5",0,0,0,0,0,0,2,0,0,0,0,0,"READY/MANUAL: 2 STOPPED/MANUAL: 0 ","-474.96 READY MANUAL    2.00 STOPPED MANUAL    2.04 READY MANUAL    9.00 STOPPED MANUAL    9.04 READY MANUAL"
"47","2011-07-19 07:30:45","2011-07-19 07:30:47","READY","MANUAL","STOPPED","MANUAL","CHUCK BARRIER","SAMPLE<Device>:controller<Controller>:path<Path>:path_system<SYSTEM>","1","1.93","0","1.93","0","1.93","0","0","0","147148",0,0,0,0,0,0,2,0,0,0,0,0,"READY/MANUAL: 2 STOPPED/MANUAL: 0 ","-481.96 READY MANUAL   -5.00 STOPPED MANUAL   -4.96 READY MANUAL    2.00 STOPPED MANUAL    2.04 READY MANUAL"
"48","2011-07-21 00:23:15","2011-07-21 00:23:18","READY","MANUAL","STOPPED","MANUAL","CHUCK BARRIER","SAMPLE<Device>:controller<Controller>:path<Path>:path_system<SYSTEM>","1","3.01","0","3.01","0","3.01","0","0","0","16",0,0,0,0,0,0.900000095367432,2.09999990463257,0,0,0,0,0,"READY/MANUAL: 2.09999990463257 STOPPED/MANUAL: 0.900000095367432 ","-532.00 READY MANUAL    2.10 STOPPED MANUAL    3.06 READY MANUAL"
"49","2011-07-21 00:23:34","2011-07-21 00:23:36","READY","MANUAL","STOPPED","MANUAL","CHUCK BARRIER","SAMPLE<Device>:controller<Controller>:path<Path>:path_system<SYSTEM>","1","1.96","0","1.96","0","1.96","0","0","0","3",0,0,0,0,0,0,2,0,0,0,0,0,"READY/MANUAL: 2 ","-15.94 READY MANUAL   2.01 STOPPED MANUAL   2.04 READY MANUAL   8.05 STOPPED MANUAL   8.09 READY MANUAL"
"50","2011-07-21 00:23:39","2011-07-21 00:23:42","READY","MANUAL","STOPPED","MANUAL","CHUCK BARRIER","SAMPLE<Device>:controller<Controller>:path<Path>:path_system<SYSTEM>","1","2.95","0","2.95","0","2.95","0","0","0","3",0,0,0,0,0,0,3,0,0,0,0,0,"READY/MANUAL: 3 ","-20.94 READY MANUAL  -2.99 STOPPED MANUAL  -2.96 READY MANUAL   3.05 STOPPED MANUAL   3.09 READY MANUAL   7.07 STOPPED MANUAL   7.10 READY MANUAL"
"51","2011-07-21 00:23:45","2011-07-21 00:23:46","READY","MANUAL","STOPPED","MANUAL","CHUCK BARRIER","SAMPLE<Device>:controller<Controller>:path<Path>:path_system<SYSTEM>","1","1.02","0","1.02","0","1.02","0","0","0","4",0,0,0,0,0,0,1,0,0,0,0,0,"READY/MANUAL: 1 ","-26.94 READY MANUAL  -8.99 STOPPED MANUAL  -8.96 READY MANUAL  -2.95 STOPPED MANUAL  -2.91 READY MANUAL   1.07 STOPPED MANUAL   1.10 READY MANUAL"
"52","2011-07-21 00:23:50","2011-07-21 00:24:03","READY","MANUAL","STOPPED","MANUAL","CHUCK BARRIER","SAMPLE<Device>:controller<Controller>:path<Path>:path_system<SYSTEM>","1","12.99","0","12.99","0","12.99","0","0","0",NA,0,0,0,0,0,0,13,0,0,0,0,0,"READY/MANUAL: 13 ","-13.96 READY MANUAL  -7.95 STOPPED MANUAL  -7.91 READY MANUAL  -3.93 STOPPED MANUAL  -3.90 READY MANUAL"
"53","2011-06-25 05:04:59","2011-06-25 05:06:35","STOPPED","AUTOMATIC","STOPPED","AUTOMATIC","SPINDLE MALFUNCTION 2","SAMPLE<Device>:base<Axes>:servo_cond<ACTUATOR>","1","95.98","95.98","0","0","0","0","95.98","0","1",0,95.9300000667572,0.0699999332427979,0,0,0,0,0,0,0,0,0,"READY/AUTOMATIC: 0.0699999332427979 STOPPED/AUTOMATIC: 95.9300000667572 ","-87.93 READY AUTOMATIC   0.07 STOPPED AUTOMATIC"
"54","2011-06-25 05:06:36","2011-06-25 05:06:37","STOPPED","AUTOMATIC","STOPPED","AUTOMATIC","SPINDLE MALFUNCTION 2","SAMPLE<Device>:base<Axes>:servo_cond<ACTUATOR>","1","0.98","0.98","0","0","0","0","0.98","0","1",0,1,0,0,0,0,0,0,0,0,0,0,"STOPPED/AUTOMATIC: 1 ","-96.93 STOPPED AUTOMATIC   6.02 STOPPED MANUAL"
"55","2011-06-25 05:06:38","2011-06-25 05:06:39","STOPPED","AUTOMATIC","STOPPED","AUTOMATIC","SPINDLE MALFUNCTION 2","SAMPLE<Device>:base<Axes>:servo_cond<ACTUATOR>","1","1.03","1.03","0","0","0","0","1.03","0","1",0,1,0,0,0,0,0,0,0,0,0,0,"STOPPED/AUTOMATIC: 1 ","-98.93 STOPPED AUTOMATIC   4.02 STOPPED MANUAL"
"56","2011-06-25 05:06:40","2011-06-25 05:06:41","STOPPED","AUTOMATIC","STOPPED","AUTOMATIC","SPINDLE MALFUNCTION 2","SAMPLE<Device>:base<Axes>:servo_cond<ACTUATOR>","1","1","1","0","0","0","0","1","0","0",0,1,0,0,0,0,0,0,0,0,0,0,"STOPPED/AUTOMATIC: 1 ","-100.93 STOPPED AUTOMATIC    2.02 STOPPED MANUAL"
"57","2011-06-25 05:06:41","2011-06-25 05:06:42","STOPPED","AUTOMATIC","STOPPED","MANUAL","SPINDLE MALFUNCTION 2","SAMPLE<Device>:base<Axes>:servo_cond<ACTUATOR>","1","1.07","1.07","0","0","0","0","1.07","0","1",0,1,0,0,0,0,0,0,0,0,0,0,"STOPPED/AUTOMATIC: 1 ","-101.93 STOPPED AUTOMATIC    1.02 STOPPED MANUAL"
"58","2011-06-25 05:06:43","2011-06-25 05:07:08","STOPPED","MANUAL","STOPPED","MANUAL","SPINDLE MALFUNCTION 2","SAMPLE<Device>:base<Axes>:servo_cond<ACTUATOR>","1","24.97","0","24.97","0","0","0","24.97","0","0",0,0,0,0,0,25,0,0,0,0,0,0,"STOPPED/MANUAL: 25 ","-103.93 STOPPED AUTOMATIC   -0.98 STOPPED MANUAL"
"59","2011-06-25 05:07:08","2011-06-25 05:09:41","STOPPED","MANUAL","STOPPED","MANUAL","SPINDLE MALFUNCTION 2","SAMPLE<Device>:base<Axes>:servo_cond<ACTUATOR>","1","152.97","0","152.97","0","0","0","152.97","0","461836",0,0,0,0,0,153,0,0,0,0,0,0,"STOPPED/MANUAL: 153 ","-25.98 STOPPED MANUAL"
"60","2011-06-30 13:26:57","2011-06-30 13:27:26","STOPPED","AUTOMATIC","STOPPED","AUTOMATIC","SPINDLE MALFUNCTION 2","SAMPLE<Device>:base<Axes>:servo_cond<ACTUATOR>","1","29.04","29.04","0","0","0","0","29.04","0","1",0.0199999809265137,28.9800000190735,0,0,0,0,0,0,0,0,0,0,"INTERRUPTED/AUTOMATIC: 0.0199999809265137 STOPPED/AUTOMATIC: 28.9800000190735 ","-38.95 INTERRUPTED AUTOMATIC   0.02 STOPPED AUTOMATIC"
"61","2011-06-30 13:27:27","2011-06-30 13:33:42","STOPPED","AUTOMATIC","STOPPED","MANUAL","SPINDLE MALFUNCTION 2","SAMPLE<Device>:base<Axes>:servo_cond<ACTUATOR>","2","375.04","375.04","0","0","0","0","375.04","0","0",0,369.009999990463,0,0,0,5.99000000953674,0,0,0,0,0,0,"STOPPED/AUTOMATIC: 369.009999990463 STOPPED/MANUAL: 5.99000000953674 ","-29.98 STOPPED AUTOMATIC"
"62","2011-06-30 13:33:42","2011-06-30 13:33:44","STOPPED","MANUAL","STOPPED","MANUAL","SPINDLE MALFUNCTION 2","SAMPLE<Device>:base<Axes>:servo_cond<ACTUATOR>","1","1.97","0","1.97","0","0","0","1.97","0","1",0,0,0,0,0,2,0,0,0,0,0,0,"STOPPED/MANUAL: 2 ","-404.98 STOPPED AUTOMATIC   -5.99 STOPPED MANUAL"
"63","2011-06-30 13:33:45","2011-06-30 13:33:45","STOPPED","MANUAL","STOPPED","MANUAL","SPINDLE MALFUNCTION 2","SAMPLE<Device>:base<Axes>:servo_cond<ACTUATOR>","1","0.05","0","0.05","0","0","0","0.05","0","1",0,0,0,0,0,0,0,0,0,0,0,0,"STOPPED/MANUAL: 0 ","-407.98 STOPPED AUTOMATIC   -8.99 STOPPED MANUAL"
"64","2011-06-30 13:33:46","2011-06-30 13:34:31","STOPPED","MANUAL","STOPPED","MANUAL","SPINDLE MALFUNCTION 2","SAMPLE<Device>:base<Axes>:servo_cond<ACTUATOR>","1","44.98","0","44.98","0","0","0","44.98","0","2",0,0,0,0,0,45,0,0,0,0,0,0,"STOPPED/MANUAL: 45 ","-408.98 STOPPED AUTOMATIC   -9.99 STOPPED MANUAL"
"65","2011-06-30 13:34:33","2011-06-30 13:34:33","STOPPED","MANUAL","STOPPED","MANUAL","SPINDLE MALFUNCTION 2","SAMPLE<Device>:base<Axes>:servo_cond<ACTUATOR>","1","0.05","0","0.05","0","0","0","0.05","0","1",0,0,0,0,0,0,0,0,0,0,0,0,"STOPPED/MANUAL: 0 ","-56.99 STOPPED MANUAL"
"66","2011-06-30 13:34:34","2011-06-30 13:37:33","STOPPED","MANUAL","STOPPED","MANUAL","SPINDLE MALFUNCTION 2","SAMPLE<Device>:base<Axes>:servo_cond<ACTUATOR>","1","179.07","0","179.07","0","0","0","179.07","0","1118228",0,0,0,0,0,179,0,0,0,0,0,0,"STOPPED/MANUAL: 179 ","-57.99 STOPPED MANUAL"
"67","2011-07-13 12:14:41","2011-07-13 12:15:27","STOPPED","MANUAL","STOPPED","MANUAL","SPINDLE MALFUNCTION 2","SAMPLE<Device>:base<Axes>:servo_cond<ACTUATOR>","1","46","0","46","0","0","0","46","0","0",0,0,0,0,0,45.960000038147,0.0399999618530273,0,0,0,0,0,"READY/MANUAL: 0.0399999618530273 STOPPED/MANUAL: 45.960000038147 ","-495.93 READY MANUAL    0.04 STOPPED MANUAL"
"68","2011-07-13 12:15:27","2011-07-13 12:15:28","STOPPED","MANUAL","STOPPED","MANUAL","SPINDLE MALFUNCTION 2","SAMPLE<Device>:base<Axes>:servo_cond<ACTUATOR>","1","0.96","0","0.96","0","0","0","0.96","0","0",0,0,0,0,0,1,0,0,0,0,0,0,"STOPPED/MANUAL: 1 ","-45.96 STOPPED MANUAL"
"69","2011-07-13 12:15:28","2011-07-13 12:15:29","STOPPED","MANUAL","STOPPED","MANUAL","SPINDLE MALFUNCTION 2","SAMPLE<Device>:base<Axes>:servo_cond<ACTUATOR>","1","0.97","0","0.97","0","0","0","0.97","0","0",0,0,0,0,0,1,0,0,0,0,0,0,"STOPPED/MANUAL: 1 ","-46.96 STOPPED MANUAL"
"70","2011-07-13 12:15:29","2011-07-13 12:16:05","STOPPED","MANUAL","STOPPED","MANUAL","SPINDLE MALFUNCTION 2","SAMPLE<Device>:base<Axes>:servo_cond<ACTUATOR>","1","35.98","0","35.98","0","0","0","35.98","0","0",0,0,0,0,0,36,0,0,0,0,0,0,"STOPPED/MANUAL: 36 ","-47.96 STOPPED MANUAL"
"71","2011-07-13 12:16:05","2011-07-13 12:16:06","STOPPED","MANUAL","STOPPED","MANUAL","SPINDLE MALFUNCTION 2","SAMPLE<Device>:base<Axes>:servo_cond<ACTUATOR>","1","0.99","0","0.99","0","0","0","0.99","0","0",0,0,0,0,0,1,0,0,0,0,0,0,"STOPPED/MANUAL: 1 ","-83.96 STOPPED MANUAL"
"72","2011-07-13 12:16:06","2011-07-13 12:18:55","STOPPED","MANUAL","STOPPED","MANUAL","SPINDLE MALFUNCTION 2","SAMPLE<Device>:base<Axes>:servo_cond<ACTUATOR>","1","168.91","0","168.91","0","0","0","168.91","0","0",0,0,0,0,0,169,0,0,0,0,0,0,"STOPPED/MANUAL: 169 ","-84.96 STOPPED MANUAL"
"73","2011-07-13 12:18:55","2011-07-13 12:25:24","STOPPED","MANUAL","STOPPED","AUTOMATIC","SPINDLE MALFUNCTION 2","SAMPLE<Device>:base<Axes>:servo_cond<ACTUATOR>","1","388.98","0","388.98","0","0","0","388.98","0","552956",0,269.97000002861,0,0,0,119.02999997139,0,0,0,0,0,0,"STOPPED/MANUAL: 119.02999997139 STOPPED/AUTOMATIC: 269.97000002861 ","-253.96 STOPPED MANUAL"
"74","2011-07-19 22:01:20","2011-07-19 22:05:17","STOPPED","AUTOMATIC","STOPPED","AUTOMATIC","SPINDLE MALFUNCTION 2","SAMPLE<Device>:base<Axes>:servo_cond<ACTUATOR>","1","237.03","237.03","0","0","0","0","237.03","0","0",0,237,0,0,0,0,0,0,0,0,0,0,"STOPPED/AUTOMATIC: 237 ","-72.92 READY AUTOMATIC  -0.97 STOPPED AUTOMATIC"
"75","2011-07-19 22:05:17","2011-07-19 22:05:18","STOPPED","AUTOMATIC","STOPPED","AUTOMATIC","SPINDLE MALFUNCTION 2","SAMPLE<Device>:base<Axes>:servo_cond<ACTUATOR>","1","0.98","0.98","0","0","0","0","0.98","0","1",0,1,0,0,0,0,0,0,0,0,0,0,"STOPPED/AUTOMATIC: 1 ","-237.97 STOPPED AUTOMATIC"
"76","2011-07-19 22:05:19","2011-07-19 22:05:19","STOPPED","AUTOMATIC","STOPPED","AUTOMATIC","SPINDLE MALFUNCTION 2","SAMPLE<Device>:base<Axes>:servo_cond<ACTUATOR>","1","0.09","0.09","0","0","0","0","0.09","0","1",0,0,0,0,0,0,0,0,0,0,0,0,"STOPPED/AUTOMATIC: 0 ","-239.97 STOPPED AUTOMATIC"
"77","2011-07-19 22:05:20","2011-07-19 22:05:20","STOPPED","AUTOMATIC","STOPPED","AUTOMATIC","SPINDLE MALFUNCTION 2","SAMPLE<Device>:base<Axes>:servo_cond<ACTUATOR>","1","0.04","0.04","0","0","0","0","0.04","0","1",0,0,0,0,0,0,0,0,0,0,0,0,"STOPPED/AUTOMATIC: 0 ","-240.97 STOPPED AUTOMATIC"
"78","2011-07-19 22:05:21","2011-07-19 22:05:22","STOPPED","AUTOMATIC","STOPPED","AUTOMATIC","SPINDLE MALFUNCTION 2","SAMPLE<Device>:base<Axes>:servo_cond<ACTUATOR>","1","0.95","0.95","0","0","0","0","0.95","0","3",0,1,0,0,0,0,0,0,0,0,0,0,"STOPPED/AUTOMATIC: 1 ","-241.97 STOPPED AUTOMATIC"
"79","2011-07-19 22:05:25","2011-07-19 22:05:25","STOPPED","AUTOMATIC","STOPPED","AUTOMATIC","SPINDLE MALFUNCTION 2","SAMPLE<Device>:base<Axes>:servo_cond<ACTUATOR>","1","0.05","0.05","0","0","0","0","0.05","0","5",0,0,0,0,0,0,0,0,0,0,0,0,"STOPPED/AUTOMATIC: 0 ","-245.97 STOPPED AUTOMATIC"
"80","2011-07-19 22:05:30","2011-07-19 22:05:44","STOPPED","AUTOMATIC","STOPPED","AUTOMATIC","SPINDLE MALFUNCTION 2","SAMPLE<Device>:base<Axes>:servo_cond<ACTUATOR>","1","14.01","14.01","0","0","0","0","14.01","0","0",0,14,0,0,0,0,0,0,0,0,0,0,"STOPPED/AUTOMATIC: 14 ","-250.97 STOPPED AUTOMATIC"
"81","2011-07-19 22:05:44","2011-07-19 22:08:17","STOPPED","AUTOMATIC","STOPPED","AUTOMATIC","SPINDLE MALFUNCTION 2","SAMPLE<Device>:base<Axes>:servo_cond<ACTUATOR>","1","153.03","153.03","0","0","0","0","153.03","0",NA,0,153,0,0,0,0,0,0,0,0,0,0,"STOPPED/AUTOMATIC: 153 ","-264.97 STOPPED AUTOMATIC"
"82","2011-07-13 12:29:10","2011-07-13 12:29:28","STOPPED","MANUAL","STOPPED","MANUAL","OVERLOAD","SAMPLE<Device>:base<Axes>:servo_cond<ACTUATOR>","1","18.01","0","18.01","0","0","0","18.01","0",NA,0,0,0,0,0,17.9200000762939,0.0799999237060547,0,0,0,0,0,"READY/MANUAL: 0.0799999237060547 STOPPED/MANUAL: 17.9200000762939 ","-34.95 READY MANUAL   0.08 STOPPED MANUAL"
"83","2011-06-25 05:04:59","2011-06-25 05:06:35","STOPPED","AUTOMATIC","STOPPED","AUTOMATIC","SPINDLE SAFE OPER. SYSTEM ALARM","SAMPLE<Device>:controller<Controller>:system_cond<SYSTEM>","1","95.98","95.98","0","0","0","0","95.98","0","1",0,95.9300000667572,0.0699999332427979,0,0,0,0,0,0,0,0,0,"READY/AUTOMATIC: 0.0699999332427979 STOPPED/AUTOMATIC: 95.9300000667572 ","-87.93 READY AUTOMATIC   0.07 STOPPED AUTOMATIC"
"84","2011-06-25 05:06:36","2011-06-25 05:06:37","STOPPED","AUTOMATIC","STOPPED","AUTOMATIC","SPINDLE SAFE OPER. SYSTEM ALARM","SAMPLE<Device>:controller<Controller>:system_cond<SYSTEM>","1","0.98","0.98","0","0","0","0","0.98","0","1",0,1,0,0,0,0,0,0,0,0,0,0,"STOPPED/AUTOMATIC: 1 ","-96.93 STOPPED AUTOMATIC   6.02 STOPPED MANUAL"
"85","2011-06-25 05:06:38","2011-06-25 05:06:39","STOPPED","AUTOMATIC","STOPPED","AUTOMATIC","SPINDLE SAFE OPER. SYSTEM ALARM","SAMPLE<Device>:controller<Controller>:system_cond<SYSTEM>","1","1.03","1.03","0","0","0","0","1.03","0","1",0,1,0,0,0,0,0,0,0,0,0,0,"STOPPED/AUTOMATIC: 1 ","-98.93 STOPPED AUTOMATIC   4.02 STOPPED MANUAL"
"86","2011-06-25 05:06:40","2011-06-25 05:06:41","STOPPED","AUTOMATIC","STOPPED","AUTOMATIC","SPINDLE SAFE OPER. SYSTEM ALARM","SAMPLE<Device>:controller<Controller>:system_cond<SYSTEM>","1","1","1","0","0","0","0","1","0","0",0,1,0,0,0,0,0,0,0,0,0,0,"STOPPED/AUTOMATIC: 1 ","-100.93 STOPPED AUTOMATIC    2.02 STOPPED MANUAL"
"87","2011-06-25 05:06:41","2011-06-25 05:06:42","STOPPED","AUTOMATIC","STOPPED","MANUAL","SPINDLE SAFE OPER. SYSTEM ALARM","SAMPLE<Device>:controller<Controller>:system_cond<SYSTEM>","1","1.07","1.07","0","0","0","0","1.07","0","1",0,1,0,0,0,0,0,0,0,0,0,0,"STOPPED/AUTOMATIC: 1 ","-101.93 STOPPED AUTOMATIC    1.02 STOPPED MANUAL"
"88","2011-06-25 05:06:43","2011-06-25 05:07:08","STOPPED","MANUAL","STOPPED","MANUAL","SPINDLE SAFE OPER. SYSTEM ALARM","SAMPLE<Device>:controller<Controller>:system_cond<SYSTEM>","1","24.97","0","24.97","0","0","0","24.97","0","0",0,0,0,0,0,25,0,0,0,0,0,0,"STOPPED/MANUAL: 25 ","-103.93 STOPPED AUTOMATIC   -0.98 STOPPED MANUAL"
"89","2011-06-25 05:07:08","2011-06-25 05:09:41","STOPPED","MANUAL","STOPPED","MANUAL","SPINDLE SAFE OPER. SYSTEM ALARM","SAMPLE<Device>:controller<Controller>:system_cond<SYSTEM>","1","152.97","0","152.97","0","0","0","152.97","0","461836",0,0,0,0,0,153,0,0,0,0,0,0,"STOPPED/MANUAL: 153 ","-25.98 STOPPED MANUAL"
"90","2011-06-30 13:26:57","2011-06-30 13:27:26","STOPPED","AUTOMATIC","STOPPED","AUTOMATIC","SPINDLE SAFE OPER. SYSTEM ALARM","SAMPLE<Device>:controller<Controller>:system_cond<SYSTEM>","1","29.04","29.04","0","0","0","0","29.04","0","1",0.0199999809265137,28.9800000190735,0,0,0,0,0,0,0,0,0,0,"INTERRUPTED/AUTOMATIC: 0.0199999809265137 STOPPED/AUTOMATIC: 28.9800000190735 ","-38.95 INTERRUPTED AUTOMATIC   0.02 STOPPED AUTOMATIC"
"91","2011-06-30 13:27:27","2011-06-30 13:33:42","STOPPED","AUTOMATIC","STOPPED","MANUAL","SPINDLE SAFE OPER. SYSTEM ALARM","SAMPLE<Device>:controller<Controller>:system_cond<SYSTEM>","2","375.04","375.04","0","0","0","0","375.04","0","0",0,369.009999990463,0,0,0,5.99000000953674,0,0,0,0,0,0,"STOPPED/AUTOMATIC: 369.009999990463 STOPPED/MANUAL: 5.99000000953674 ","-29.98 STOPPED AUTOMATIC"
"92","2011-06-30 13:33:42","2011-06-30 13:33:44","STOPPED","MANUAL","STOPPED","MANUAL","SPINDLE SAFE OPER. SYSTEM ALARM","SAMPLE<Device>:controller<Controller>:system_cond<SYSTEM>","1","1.97","0","1.97","0","0","0","1.97","0","1",0,0,0,0,0,2,0,0,0,0,0,0,"STOPPED/MANUAL: 2 ","-404.98 STOPPED AUTOMATIC   -5.99 STOPPED MANUAL"
"93","2011-06-30 13:33:45","2011-06-30 13:33:45","STOPPED","MANUAL","STOPPED","MANUAL","SPINDLE SAFE OPER. SYSTEM ALARM","SAMPLE<Device>:controller<Controller>:system_cond<SYSTEM>","1","0.05","0","0.05","0","0","0","0.05","0","1",0,0,0,0,0,0,0,0,0,0,0,0,"STOPPED/MANUAL: 0 ","-407.98 STOPPED AUTOMATIC   -8.99 STOPPED MANUAL"
"94","2011-06-30 13:33:46","2011-06-30 13:34:31","STOPPED","MANUAL","STOPPED","MANUAL","SPINDLE SAFE OPER. SYSTEM ALARM","SAMPLE<Device>:controller<Controller>:system_cond<SYSTEM>","1","44.98","0","44.98","0","0","0","44.98","0","2",0,0,0,0,0,45,0,0,0,0,0,0,"STOPPED/MANUAL: 45 ","-408.98 STOPPED AUTOMATIC   -9.99 STOPPED MANUAL"
"95","2011-06-30 13:34:33","2011-06-30 13:34:33","STOPPED","MANUAL","STOPPED","MANUAL","SPINDLE SAFE OPER. SYSTEM ALARM","SAMPLE<Device>:controller<Controller>:system_cond<SYSTEM>","1","0.05","0","0.05","0","0","0","0.05","0","1",0,0,0,0,0,0,0,0,0,0,0,0,"STOPPED/MANUAL: 0 ","-56.99 STOPPED MANUAL"
"96","2011-06-30 13:34:34","2011-06-30 13:37:33","STOPPED","MANUAL","STOPPED","MANUAL","SPINDLE SAFE OPER. SYSTEM ALARM","SAMPLE<Device>:controller<Controller>:system_cond<SYSTEM>","1","179.07","0","179.07","0","0","0","179.07","0","1118228",0,0,0,0,0,179,0,0,0,0,0,0,"STOPPED/MANUAL: 179 ","-57.99 STOPPED MANUAL"
"97","2011-07-13 12:14:41","2011-07-13 12:15:27","STOPPED","MANUAL","STOPPED","MANUAL","SPINDLE SAFE OPER. SYSTEM ALARM","SAMPLE<Device>:controller<Controller>:system_cond<SYSTEM>","1","46","0","46","0","0","0","46","0","0",0,0,0,0,0,45.960000038147,0.0399999618530273,0,0,0,0,0,"READY/MANUAL: 0.0399999618530273 STOPPED/MANUAL: 45.960000038147 ","-495.93 READY MANUAL    0.04 STOPPED MANUAL"
"98","2011-07-13 12:15:27","2011-07-13 12:15:28","STOPPED","MANUAL","STOPPED","MANUAL","SPINDLE SAFE OPER. SYSTEM ALARM","SAMPLE<Device>:controller<Controller>:system_cond<SYSTEM>","1","0.96","0","0.96","0","0","0","0.96","0","0",0,0,0,0,0,1,0,0,0,0,0,0,"STOPPED/MANUAL: 1 ","-45.96 STOPPED MANUAL"
"99","2011-07-13 12:15:28","2011-07-13 12:15:29","STOPPED","MANUAL","STOPPED","MANUAL","SPINDLE SAFE OPER. SYSTEM ALARM","SAMPLE<Device>:controller<Controller>:system_cond<SYSTEM>","1","0.97","0","0.97","0","0","0","0.97","0","0",0,0,0,0,0,1,0,0,0,0,0,0,"STOPPED/MANUAL: 1 ","-46.96 STOPPED MANUAL"
"100","2011-07-13 12:15:29","2011-07-13 12:16:05","STOPPED","MANUAL","STOPPED","MANUAL","SPINDLE SAFE OPER. SYSTEM ALARM","SAMPLE<Device>:controller<Controller>:system_cond<SYSTEM>","1","35.98","0","35.98","0","0","0","35.98","0","0",0,0,0,0,0,36,0,0,0,0,0,0,"STOPPED/MANUAL: 36 ","-47.96 STOPPED MANUAL"
"101","2011-07-13 12:16:05","2011-07-13 12:16:06","STOPPED","MANUAL","STOPPED","MANUAL","SPINDLE SAFE OPER. SYSTEM ALARM","SAMPLE<Device>:controller<Controller>:system_cond<SYSTEM>","1","0.99","0","0.99","0","0","0","0.99","0","0",0,0,0,0,0,1,0,0,0,0,0,0,"STOPPED/MANUAL: 1 ","-83.96 STOPPED MANUAL"
"102","2011-07-13 12:16:06","2011-07-13 12:18:55","STOPPED","MANUAL","STOPPED","MANUAL","SPINDLE SAFE OPER. SYSTEM ALARM","SAMPLE<Device>:controller<Controller>:system_cond<SYSTEM>","1","168.91","0","168.91","0","0","0","168.91","0","0",0,0,0,0,0,169,0,0,0,0,0,0,"STOPPED/MANUAL: 169 ","-84.96 STOPPED MANUAL"
"103","2011-07-13 12:18:55","2011-07-13 12:25:24","STOPPED","MANUAL","STOPPED","AUTOMATIC","SPINDLE SAFE OPER. SYSTEM ALARM","SAMPLE<Device>:controller<Controller>:system_cond<SYSTEM>","1","388.98","0","388.98","0","0","0","388.98","0","552955",0,269.97000002861,0,0,0,119.02999997139,0,0,0,0,0,0,"STOPPED/MANUAL: 119.02999997139 STOPPED/AUTOMATIC: 269.97000002861 ","-253.96 STOPPED MANUAL"
"104","2011-07-19 22:01:19","2011-07-19 22:05:17","STOPPED","AUTOMATIC","STOPPED","AUTOMATIC","SPINDLE SAFE OPER. SYSTEM ALARM","SAMPLE<Device>:controller<Controller>:system_cond<SYSTEM>","1","238","238","0","0","0","0","238","0","0",0,237.97000002861,0.0299999713897705,0,0,0,0,0,0,0,0,0,"READY/AUTOMATIC: 0.0299999713897705 STOPPED/AUTOMATIC: 237.97000002861 ","-71.92 READY AUTOMATIC   0.03 STOPPED AUTOMATIC"
"105","2011-07-19 22:05:17","2011-07-19 22:05:18","STOPPED","AUTOMATIC","STOPPED","AUTOMATIC","SPINDLE SAFE OPER. SYSTEM ALARM","SAMPLE<Device>:controller<Controller>:system_cond<SYSTEM>","1","0.98","0.98","0","0","0","0","0.98","0","1",0,1,0,0,0,0,0,0,0,0,0,0,"STOPPED/AUTOMATIC: 1 ","-237.97 STOPPED AUTOMATIC"
"106","2011-07-19 22:05:19","2011-07-19 22:05:19","STOPPED","AUTOMATIC","STOPPED","AUTOMATIC","SPINDLE SAFE OPER. SYSTEM ALARM","SAMPLE<Device>:controller<Controller>:system_cond<SYSTEM>","1","0.09","0.09","0","0","0","0","0.09","0","1",0,0,0,0,0,0,0,0,0,0,0,0,"STOPPED/AUTOMATIC: 0 ","-239.97 STOPPED AUTOMATIC"
"107","2011-07-19 22:05:20","2011-07-19 22:05:20","STOPPED","AUTOMATIC","STOPPED","AUTOMATIC","SPINDLE SAFE OPER. SYSTEM ALARM","SAMPLE<Device>:controller<Controller>:system_cond<SYSTEM>","1","0.04","0.04","0","0","0","0","0.04","0","1",0,0,0,0,0,0,0,0,0,0,0,0,"STOPPED/AUTOMATIC: 0 ","-240.97 STOPPED AUTOMATIC"
"108","2011-07-19 22:05:21","2011-07-19 22:05:22","STOPPED","AUTOMATIC","STOPPED","AUTOMATIC","SPINDLE SAFE OPER. SYSTEM ALARM","SAMPLE<Device>:controller<Controller>:system_cond<SYSTEM>","1","0.95","0.95","0","0","0","0","0.95","0","3",0,1,0,0,0,0,0,0,0,0,0,0,"STOPPED/AUTOMATIC: 1 ","-241.97 STOPPED AUTOMATIC"
"109","2011-07-19 22:05:25","2011-07-19 22:05:25","STOPPED","AUTOMATIC","STOPPED","AUTOMATIC","SPINDLE SAFE OPER. SYSTEM ALARM","SAMPLE<Device>:controller<Controller>:system_cond<SYSTEM>","1","0.05","0.05","0","0","0","0","0.05","0","5",0,0,0,0,0,0,0,0,0,0,0,0,"STOPPED/AUTOMATIC: 0 ","-245.97 STOPPED AUTOMATIC"
"110","2011-07-19 22:05:30","2011-07-19 22:05:44","STOPPED","AUTOMATIC","STOPPED","AUTOMATIC","SPINDLE SAFE OPER. SYSTEM ALARM","SAMPLE<Device>:controller<Controller>:system_cond<SYSTEM>","1","14.01","14.01","0","0","0","0","14.01","0","0",0,14,0,0,0,0,0,0,0,0,0,0,"STOPPED/AUTOMATIC: 14 ","-250.97 STOPPED AUTOMATIC"
"111","2011-07-19 22:05:44","2011-07-19 22:08:17","STOPPED","AUTOMATIC","STOPPED","AUTOMATIC","SPINDLE SAFE OPER. SYSTEM ALARM","SAMPLE<Device>:controller<Controller>:system_cond<SYSTEM>","1","153.03","153.03","0","0","0","0","153.03","0",NA,0,153,0,0,0,0,0,0,0,0,0,0,"STOPPED/AUTOMATIC: 153 ","-264.97 STOPPED AUTOMATIC"
"112","2011-07-01 10:58:24","2011-07-01 11:12:38","INTERRUPTED","AUTOMATIC","INTERRUPTED","AUTOMATIC","SYSTEM ERROR","SAMPLE<Device>:controller<Controller>:system_cond<SYSTEM>","4","853.99","853.99","0","0","0","0","0","853.99",NA,853.910000085831,0,0,0,0,0,0.0899999141693115,0,0,0,0,0,"READY/MANUAL: 0.0899999141693115 INTERRUPTED/AUTOMATIC: 853.910000085831 ","-590.00 READY MANUAL    0.09 INTERRUPTED AUTOMATIC"
"113","2011-07-06 02:58:38","2011-07-06 02:59:02","READY","MANUAL","READY","MANUAL","INCOMPLETE TOOL DATA","SAMPLE<Device>:controller<Controller>:system_cond<SYSTEM>","1","24.02","0","24.02","0","23.92","0","0.1","0","0",0,0,0,0,0,0.0999999046325684,23.9000000953674,0,0,0,0,0,"READY/MANUAL: 2 STOPPED/MANUAL: 0.0499999523162842 READY/MANUAL: 0.990000009536743 STOPPED/MANUAL: 0.0499999523162842 READY/MANUAL: 20.9100000858307 ","-33.92 READY MANUAL   2.00 STOPPED MANUAL   2.05 READY MANUAL   3.04 STOPPED MANUAL   3.09 READY MANUAL"
"114","2011-07-06 02:59:02","2011-07-06 02:59:23","STOPPED","MANUAL","READY","MANUAL","INCOMPLETE TOOL DATA","SAMPLE<Device>:controller<Controller>:system_cond<SYSTEM>","1","20.94","0","20.94","0","0","0","20.94","0",NA,0,0,0,0,0,0.950000047683716,20.0499999523163,0,0,0,0,0,"READY/MANUAL: 0.0899999141693115 STOPPED/MANUAL: 0.950000047683716 READY/MANUAL: 19.960000038147 ","-20.91 READY MANUAL   0.09 STOPPED MANUAL   1.04 READY MANUAL"
"115","2011-07-13 12:29:10","2011-07-13 12:29:29","STOPPED","MANUAL","STOPPED","MANUAL","SAFE OPERATION SYSTEM ALARM","SAMPLE<Device>:controller<Controller>:system_cond<SYSTEM>","1","19","0","19","0","0","0","19","0","1",0,0,0,0,0,18.9200000762939,0.0799999237060547,0,0,0,0,0,"READY/MANUAL: 0.0799999237060547 STOPPED/MANUAL: 18.9200000762939 ","-34.95 READY MANUAL   0.08 STOPPED MANUAL"
"116","2011-07-13 12:29:30","2011-07-13 12:29:32","STOPPED","MANUAL","STOPPED","MANUAL","SAFE OPERATION SYSTEM ALARM","SAMPLE<Device>:controller<Controller>:system_cond<SYSTEM>","1","2.09","0","2.09","0","0","0","2.09","0","1",0,0,0,0,0,2,0,0,0,0,0,0,"STOPPED/MANUAL: 2 ","-19.92 STOPPED MANUAL"
"117","2011-07-13 12:29:33","2011-07-13 12:32:09","STOPPED","MANUAL","STOPPED","MANUAL","SAFE OPERATION SYSTEM ALARM","SAMPLE<Device>:controller<Controller>:system_cond<SYSTEM>","1","156.09","0","156.09","0","0","0","156.09","0",NA,0,0,0,0,0,156,0,0,0,0,0,0,"STOPPED/MANUAL: 156 ","-22.92 STOPPED MANUAL"
"118","2011-07-14 03:30:55","2011-07-14 03:30:58","INTERRUPTED","AUTOMATIC","STOPPED","AUTOMATIC","ILLEGAL CYCLE START","SAMPLE<Device>:controller<Controller>:system_cond<SYSTEM>","1","3.07","3.07","0","0","0","0","0","3.07","613237",3,0,0,0,0,0,0,0,0,0,0,0,"INTERRUPTED/AUTOMATIC: 3 ","-57.94 ACTIVE AUTOMATIC  -1.92 INTERRUPTED AUTOMATIC   3.07 STOPPED AUTOMATIC   3.09 READY AUTOMATIC"
"119","2011-07-21 05:51:35","2011-07-21 05:51:38","READY","AUTOMATIC","STOPPED","AUTOMATIC","ILLEGAL CYCLE START","SAMPLE<Device>:controller<Controller>:system_cond<SYSTEM>","1","2.99","2.99","0","0","2.99","0","0","0",NA,0,0,3,0,0,0,0,0,0,0,0,0,"READY/AUTOMATIC: 3 ","-100.92 READY AUTOMATIC    3.05 STOPPED AUTOMATIC    4.00 READY AUTOMATIC    9.08 STOPPED AUTOMATIC"
"120","2011-07-02 23:55:30","2011-07-02 23:55:33","ACTIVE","AUTOMATIC","READY","AUTOMATIC","START PROCESS ILLEGAL","SAMPLE<Device>:controller<Controller>:path<Path>:motion_cond<MOTION_PROGRAM>","1","3.06","3.06","0","0","0","3.02","0.04","0",NA,0,0,0,3,0,0,0,0,0,0,0,0,"ACTIVE/AUTOMATIC: 3 ","-360.95 READY AUTOMATIC   -2.99 STOPPED AUTOMATIC   -2.93 READY AUTOMATIC   -0.92 ACTIVE AUTOMATIC    3.02 STOPPED AUTOMATIC    3.06 READY AUTOMATIC    6.08 READY MANUAL    7.01 READY AUTOMATIC    7.09 STOPPED AUTOMATIC    8.05 READY AUTOMATIC    9.02 ACTIVE AUTOMATIC"
"121","2011-07-06 03:08:56","2011-07-06 03:09:20","ACTIVE","AUTOMATIC","STOPPED","MANUAL","FINISH DEPTH OF CUT ZERO","SAMPLE<Device>:controller<Controller>:path<Path>:motion_cond<MOTION_PROGRAM>","1","24","24","0","0","0","17.06","0","6.94",NA,0,0,0.0299999713897705,17.0599999427795,6.91000008583069,0,0,0,0,0,0,0,"READY/AUTOMATIC: 0.0299999713897705 ACTIVE/AUTOMATIC: 17.0599999427795 INTERRUPTED/MANUAL: 6.91000008583069 ","-54.91 READY MANUAL  -8.91 READY AUTOMATIC  -7.90 STOPPED AUTOMATIC  -5.96 READY AUTOMATIC  -2.98 STOPPED AUTOMATIC  -2.91 READY AUTOMATIC   0.03 ACTIVE AUTOMATIC"
"122","2011-07-06 04:21:52","2011-07-06 04:21:53","ACTIVE","AUTOMATIC","STOPPED","AUTOMATIC","RESTART IMPOSSIBLE","SAMPLE<Device>:controller<Controller>:path<Path>:motion_cond<MOTION_PROGRAM>","1","1.06","1.06","0","0","0","1.06","0","0",NA,0,0,0,1,0,0,0,0,0,0,0,0,"ACTIVE/AUTOMATIC: 1 ","-96.92 READY AUTOMATIC  -0.99 ACTIVE AUTOMATIC   1.07 STOPPED AUTOMATIC   2.03 READY AUTOMATIC"
"123","2011-07-11 13:21:34","2011-07-11 13:21:40","ACTIVE","AUTOMATIC","STOPPED","AUTOMATIC","PROGRAM NO. NOT FOUND","SAMPLE<Device>:controller<Controller>:path<Path>:motion_cond<MOTION_PROGRAM>","1","5.96","5.96","0","0","0","5.96","0","0","288697",0,0.00999999046325684,0.0799999237060547,5.91000008583069,0,0,0,0,0,0,0,0,"STOPPED/AUTOMATIC: 0.00999999046325684 READY/AUTOMATIC: 0.0799999237060547 ACTIVE/AUTOMATIC: 5.91000008583069 ","-85.99 READY MANUAL  -1.00 READY AUTOMATIC  -0.93 STOPPED AUTOMATIC   0.01 READY AUTOMATIC   0.09 ACTIVE AUTOMATIC   6.05 STOPPED AUTOMATIC   6.07 READY AUTOMATIC   7.10 ACTIVE AUTOMATIC   8.02 INTERRUPTED AUTOMATIC"
"124","2011-07-14 21:33:17","2011-07-14 21:33:19","ACTIVE","AUTOMATIC","STOPPED","AUTOMATIC","PROGRAM NO. NOT FOUND","SAMPLE<Device>:controller<Controller>:path<Path>:motion_cond<MOTION_PROGRAM>","1","2","2","0","0","0","2","0","0",NA,0,0,0.00999999046325684,1.99000000953674,0,0,0,0,0,0,0,0,"READY/AUTOMATIC: 0.00999999046325684 ACTIVE/AUTOMATIC: 1.99000000953674 ","-485.91 READY AUTOMATIC    0.01 ACTIVE AUTOMATIC    2.04 STOPPED AUTOMATIC    3.00 READY AUTOMATIC    4.09 ACTIVE AUTOMATIC"
